,0,1
0,,23
1,Sheopur madhay predesh. india,1
2,Pondicherry,1
3,Omnipresence,1
4,Mumbai,7
5,Mysore,1
6,india,1
7,Raipur,1
8,Lower Parel,1
9,સન ફ્રૅનસિસકો ❤,1
10,Bengaluru,3
11,Patna,1
12,Jaipur,1
13,Kolkata,1
14,Bihar,1
15,Gurgaon,1
16,Jodhpur,1
17,Noida,1
18,Hazratganj,1
19,Jamia Nagar,1
20,Varanasi,1
21,Bhubaneshwar,1
22,West Bengal,2
23,Ahmadabad City,2
24,dreams,1
25,Rajasthan,1
26,Bangalore,1
27,Lakhimpur kheri,1
28,Uttar Pradesh,1
29,Bhubaneswar,1
30,Jammu And Kashmir,1
31,Lucknow,2
32,New Delhi,4
33,Uri,1
34,Darbhanga,1
35,Nachna/india,1
36,Ghar-Office-Ghar,1
37,Bengaluru South,1
38,Hyderabad,5
39,आसाम,1
40,India,12
41,Dehradun,1
42,राजस्थान,1
43,कानपुर,1
44,Sector 40,1
45,Bombay,1
